strategy_id,token_symbol,token_address,entry_price,exit_price,pnl_percent,profit,fees_paid,duration_seconds,exit_reason,entry_confidence,timestamp
Bot_022,ANIMALS,7iwb7DSjMzbEhamtghZ27tSU2EqrMpAp6F9DsT8jpump,13793.226768789586,11493.759638287562,-21.525104869769844,-0.11085429007931469,0.02749935185321707,2.2613,SellCategory.STOP_LOSS: Down 16.7% from entry ($13793 => $11494),65.5,2026-02-23T23:50:31.419494+00:00
Bot_025,ANIMALS,7iwb7DSjMzbEhamtghZ27tSU2EqrMpAp6F9DsT8jpump,14254.258685912404,11493.759638287562,-24.06325379389864,-0.123925757038578,0.027095079679219237,15.679241,SellCategory.STOP_LOSS: Down 19.4% from entry ($14254 => $11494),31.5,2026-02-23T23:50:31.420102+00:00
Bot_147,ANIMALS,7iwb7DSjMzbEhamtghZ27tSU2EqrMpAp6F9DsT8jpump,11493.759638287562,12430.848496737028,1.852846833883262,0.0190843223889976,0.062445906878010236,2.29463,SellCategory.SECURITY_FAILED: Bundled 39.8% (max 38.0%),70.3,2026-02-23T23:50:33.715410+00:00
Bot_163,ANIMALS,7iwb7DSjMzbEhamtghZ27tSU2EqrMpAp6F9DsT8jpump,13793.226768789586,12430.848496737028,-15.127028678097782,-0.07790419769220358,0.02851842687549886,7.288876,SellCategory.SECURITY_FAILED: Bundled 39.8% (max 39.0%),64.8,2026-02-23T23:50:33.715717+00:00
Bot_165,DRINK,F1hwDNVAkaVTKLgs1vGs5MVQHXArQ7gXQZcQ5pbvpump,8677.602547172975,11031.419746429032,19.71985020555481,0.10155722855860727,0.03406878026469919,6.274445,SellCategory.TAKE_PROFIT: Up 27.1% from entry ($8678 => $11031),45.7,2026-02-23T23:50:36.419560+00:00
Bot_006,DRINK,F1hwDNVAkaVTKLgs1vGs5MVQHXArQ7gXQZcQ5pbvpump,8677.602547172975,11353.657367955448,23.21697393636242,0.11956741577226648,0.034625796364090716,6.681781,SellCategory.TAKE_PROFIT: Up 30.8% from entry ($8678 => $11354),63.400000000000006,2026-02-23T23:50:36.826214+00:00
Bot_069,DRINK,F1hwDNVAkaVTKLgs1vGs5MVQHXArQ7gXQZcQ5pbvpump,8677.602547172975,12412.992500105642,34.71353976865765,0.17877472980858689,0.03645695040645114,7.471303,SellCategory.TAKE_PROFIT: Up 43.0% from entry ($8678 => $12413),58.5,2026-02-23T23:50:37.616011+00:00
Bot_049,DRINK,F1hwDNVAkaVTKLgs1vGs5MVQHXArQ7gXQZcQ5pbvpump,8677.602547172975,13153.825137519507,42.75351779662494,0.22018061665261845,0.03773754484492634,8.467072,SellCategory.TAKE_PROFIT: Up 51.6% from entry ($8678 => $13154),70.1,2026-02-23T23:50:38.611691+00:00
Bot_153,DRINK,F1hwDNVAkaVTKLgs1vGs5MVQHXArQ7gXQZcQ5pbvpump,8665.343907983743,13153.825137519507,42.95546752721212,0.22122065776514244,0.03776971106490131,6.275312,SellCategory.TAKE_PROFIT: Up 51.8% from entry ($8665 => $13154),52.9,2026-02-23T23:50:38.612781+00:00
Bot_070,DRINK,F1hwDNVAkaVTKLgs1vGs5MVQHXArQ7gXQZcQ5pbvpump,7747.544620497022,13153.825137519507,59.890436303215026,0.3084357469615574,0.04046708495757394,11.594386,SellCategory.SECURITY_FAILED: Bundled 34.6% (max 34.3%),41.0,2026-02-23T23:50:38.821471+00:00
Bot_038,ANIMALS,7iwb7DSjMzbEhamtghZ27tSU2EqrMpAp6F9DsT8jpump,11493.759638287562,13829.094439660514,13.309452543305838,0.06854368059802507,0.03304774269890799,7.889495,SellCategory.SECURITY_FAILED: Bundled 40.4% (max 40.0%),48.6,2026-02-23T23:50:39.309724+00:00
Bot_025,john,38BWYnPbxVJFoPDscuR6kru1oa9Lgq7gmxEdNNUgpump,12336.980625818682,15702.162728594736,19.862988247396544,0.1022943894740922,0.034091579055899754,8.00597,SellCategory.TAKE_PROFIT: Up 27.3% from entry ($12337 => $15702),35.1,2026-02-23T23:50:41.320369+00:00
Bot_060,john,38BWYnPbxVJFoPDscuR6kru1oa9Lgq7gmxEdNNUgpump,12336.980625818682,15702.162728594736,19.862988247396544,0.1022943894740922,0.034091579055899754,8.006181,SellCategory.TAKE_PROFIT: Up 27.3% from entry ($12337 => $15702),38.1,2026-02-23T23:50:41.320691+00:00
Bot_089,john,38BWYnPbxVJFoPDscuR6kru1oa9Lgq7gmxEdNNUgpump,12336.980625818682,15808.508335907289,20.67478102395805,0.10647512227338396,0.03422088007031084,7.820911,SellCategory.SECURITY_FAILED: Bundled 43.6% (max 41.6%),45.400000000000006,2026-02-23T23:50:41.539024+00:00
Bot_099,john,38BWYnPbxVJFoPDscuR6kru1oa9Lgq7gmxEdNNUgpump,12336.980625818682,15808.508335907289,20.67478102395805,0.10647512227338396,0.03422088007031084,7.82104,SellCategory.SECURITY_FAILED: Bundled 43.6% (max 42.0%),51.9,2026-02-23T23:50:41.539192+00:00
Bot_183,john,38BWYnPbxVJFoPDscuR6kru1oa9Lgq7gmxEdNNUgpump,12336.980625818682,15808.508335907289,20.67478102395805,0.21295024454676792,0.06844176014062169,7.821111,SellCategory.SECURITY_FAILED: Bundled 43.6% (max 43.4%),39.1,2026-02-23T23:50:41.539545+00:00
Bot_086,ANIMALS,7iwb7DSjMzbEhamtghZ27tSU2EqrMpAp6F9DsT8jpump,11493.759638287562,14120.485664771895,15.696982712931629,0.08083946097159789,0.03342802456613189,11.200763,SellCategory.TAKE_PROFIT: Up 22.9% from entry ($11494 => $14120),45.8,2026-02-23T23:50:42.621201+00:00
Bot_002,ANIMALS,7iwb7DSjMzbEhamtghZ27tSU2EqrMpAp6F9DsT8jpump,11493.759638287562,14228.978292579282,16.58592307815062,0.0854175038524757,0.03356961352121059,11.302529,SellCategory.TAKE_PROFIT: Up 23.8% from entry ($11494 => $14229),57.5,2026-02-23T23:50:42.721895+00:00
Bot_194,john,38BWYnPbxVJFoPDscuR6kru1oa9Lgq7gmxEdNNUgpump,12336.980625818682,16707.123773205036,27.534392241946538,0.14180212004602466,0.03531346763028942,10.202031,SellCategory.TAKE_PROFIT: Up 35.4% from entry ($12337 => $16707),55.6,2026-02-23T23:50:43.517091+00:00
Bot_083,john,38BWYnPbxVJFoPDscuR6kru1oa9Lgq7gmxEdNNUgpump,12336.980625818682,18836.760550845855,43.79104633869272,0.22552388864426753,0.037902800679719614,12.320958,SellCategory.TAKE_PROFIT: Up 52.7% from entry ($12337 => $18837),57.2,2026-02-23T23:50:45.635553+00:00
Bot_127,john,38BWYnPbxVJFoPDscuR6kru1oa9Lgq7gmxEdNNUgpump,12336.980625818682,18836.760550845855,43.79104633869272,0.22552388864426753,0.037902800679719614,12.321466,SellCategory.TAKE_PROFIT: Up 52.7% from entry ($12337 => $18837),68.0,2026-02-23T23:50:45.636229+00:00
Bot_139,john,38BWYnPbxVJFoPDscuR6kru1oa9Lgq7gmxEdNNUgpump,12336.980625818682,18836.760550845855,43.79104633869272,0.22552388864426753,0.037902800679719614,12.321562,SellCategory.TAKE_PROFIT: Up 52.7% from entry ($12337 => $18837),43.2,2026-02-23T23:50:45.636368+00:00
Bot_165,ANIMALS,7iwb7DSjMzbEhamtghZ27tSU2EqrMpAp6F9DsT8jpump,11493.759638287562,14465.694703178367,18.5254721216567,0.09540618142653201,0.03387854169360408,15.004666,SellCategory.TAKE_PROFIT: Up 25.9% from entry ($11494 => $14466),45.7,2026-02-23T23:50:46.425527+00:00
Bot_006,ANIMALS,7iwb7DSjMzbEhamtghZ27tSU2EqrMpAp6F9DsT8jpump,11493.759638287562,16424.850521593115,34.577924015756054,0.17807630868114366,0.036435349753025065,19.912926,SellCategory.TAKE_PROFIT: Up 42.9% from entry ($11494 => $16425),63.400000000000006,2026-02-23T23:50:51.332328+00:00
Bot_060,ANIMALS,7iwb7DSjMzbEhamtghZ27tSU2EqrMpAp6F9DsT8jpump,12338.043731316702,16424.850521593115,25.36884654823264,0.1306495597233981,0.03496854308422881,15.202332,SellCategory.TAKE_PROFIT: Up 33.1% from entry ($12338 => $16425),38.1,2026-02-23T23:50:51.333129+00:00
Bot_069,ANIMALS,7iwb7DSjMzbEhamtghZ27tSU2EqrMpAp6F9DsT8jpump,11493.759638287562,16424.850521593115,34.577924015756054,0.17807630868114366,0.036435349753025065,19.912874,SellCategory.TAKE_PROFIT: Up 42.9% from entry ($11494 => $16425),58.5,2026-02-23T23:50:51.333243+00:00
Bot_101,ANIMALS,7iwb7DSjMzbEhamtghZ27tSU2EqrMpAp6F9DsT8jpump,11493.759638287562,16424.850521593115,34.577924015756054,0.17807630868114366,0.036435349753025065,19.912904,SellCategory.TAKE_PROFIT: Up 42.9% from entry ($11494 => $16425),53.1,2026-02-23T23:50:51.333421+00:00
Bot_134,ANIMALS,7iwb7DSjMzbEhamtghZ27tSU2EqrMpAp6F9DsT8jpump,11493.759638287562,16424.850521593115,34.577924015756054,0.17807630868114366,0.036435349753025065,19.912901,SellCategory.TAKE_PROFIT: Up 42.9% from entry ($11494 => $16425),60.4,2026-02-23T23:50:51.333592+00:00
Bot_139,ANIMALS,7iwb7DSjMzbEhamtghZ27tSU2EqrMpAp6F9DsT8jpump,11493.759638287562,16424.850521593115,34.577924015756054,0.17807630868114366,0.036435349753025065,19.912942,SellCategory.TAKE_PROFIT: Up 42.9% from entry ($11494 => $16425),53.2,2026-02-23T23:50:51.333665+00:00
Bot_159,ANIMALS,7iwb7DSjMzbEhamtghZ27tSU2EqrMpAp6F9DsT8jpump,11493.759638287562,16424.850521593115,34.577924015756054,0.17807630868114366,0.036435349753025065,19.912959,SellCategory.TAKE_PROFIT: Up 42.9% from entry ($11494 => $16425),54.0,2026-02-23T23:50:51.333787+00:00
Bot_166,ANIMALS,7iwb7DSjMzbEhamtghZ27tSU2EqrMpAp6F9DsT8jpump,11493.759638287562,16424.850521593115,34.577924015756054,0.17807630868114366,0.036435349753025065,19.913024,SellCategory.TAKE_PROFIT: Up 42.9% from entry ($11494 => $16425),46.800000000000004,2026-02-23T23:50:51.333889+00:00
Bot_089,ANIMALS,7iwb7DSjMzbEhamtghZ27tSU2EqrMpAp6F9DsT8jpump,11493.759638287562,16424.850521593115,34.577924015756054,0.17807630868114366,0.036435349753025065,20.41859,SellCategory.SECURITY_FAILED: Bundled 42.8% (max 41.6%),55.400000000000006,2026-02-23T23:50:51.839075+00:00
Bot_099,ANIMALS,7iwb7DSjMzbEhamtghZ27tSU2EqrMpAp6F9DsT8jpump,11493.759638287562,16424.850521593115,34.577924015756054,0.17807630868114366,0.036435349753025065,20.418744,SellCategory.SECURITY_FAILED: Bundled 42.8% (max 42.0%),61.9,2026-02-23T23:50:51.839250+00:00
Bot_136,ANIMALS,7iwb7DSjMzbEhamtghZ27tSU2EqrMpAp6F9DsT8jpump,11493.759638287562,16424.850521593115,34.577924015756054,0.17807630868114366,0.036435349753025065,20.418742,SellCategory.SECURITY_FAILED: Bundled 42.8% (max 42.3%),56.1,2026-02-23T23:50:51.839446+00:00
Bot_168,ANIMALS,7iwb7DSjMzbEhamtghZ27tSU2EqrMpAp6F9DsT8jpump,11493.759638287562,16424.850521593115,34.577924015756054,0.17807630868114366,0.036435349753025065,20.418746,SellCategory.SECURITY_FAILED: Bundled 42.8% (max 40.8%),57.2,2026-02-23T23:50:51.839624+00:00
Bot_173,ANIMALS,7iwb7DSjMzbEhamtghZ27tSU2EqrMpAp6F9DsT8jpump,11493.759638287562,16424.850521593115,34.577924015756054,0.17807630868114366,0.036435349753025065,20.418791,SellCategory.SECURITY_FAILED: Bundled 42.8% (max 41.8%),38.4,2026-02-23T23:50:51.839690+00:00
Bot_192,ANIMALS,7iwb7DSjMzbEhamtghZ27tSU2EqrMpAp6F9DsT8jpump,11493.759638287562,16424.850521593115,34.577924015756054,0.17807630868114366,0.036435349753025065,20.418818,SellCategory.SECURITY_FAILED: Bundled 42.8% (max 40.5%),57.1,2026-02-23T23:50:51.839811+00:00
Bot_193,john,38BWYnPbxVJFoPDscuR6kru1oa9Lgq7gmxEdNNUgpump,12336.980625818682,18573.871630259917,41.78427490578812,0.21518901576480887,0.037583165436025016,22.404663,SellCategory.SECURITY_FAILED: Bundled 44.2% (max 43.8%),44.0,2026-02-23T23:50:56.123151+00:00
Bot_102,john,38BWYnPbxVJFoPDscuR6kru1oa9Lgq7gmxEdNNUgpump,12336.980625818682,19690.955310696307,50.31157081870526,0.2591045897163321,0.038941379063391714,22.987486,SellCategory.TAKE_PROFIT: Up 59.6% from entry ($12337 => $19691),42.8,2026-02-23T23:50:56.302143+00:00
Bot_028,john,38BWYnPbxVJFoPDscuR6kru1oa9Lgq7gmxEdNNUgpump,12336.980625818682,21148.441493161394,61.43734070016351,0.6328046092116841,0.08142694667665001,25.407201,SellCategory.TAKE_PROFIT: Up 71.4% from entry ($12337 => $21148),44.3,2026-02-23T23:50:58.721616+00:00
Bot_043,john,38BWYnPbxVJFoPDscuR6kru1oa9Lgq7gmxEdNNUgpump,12336.980625818682,21148.441493161394,61.43734070016351,0.31640230460584207,0.04071347333832501,25.407712,SellCategory.TAKE_PROFIT: Up 71.4% from entry ($12337 => $21148),31.6,2026-02-23T23:50:58.722181+00:00
Bot_164,john,38BWYnPbxVJFoPDscuR6kru1oa9Lgq7gmxEdNNUgpump,12336.980625818682,21148.441493161394,61.43734070016351,0.31640230460584207,0.04071347333832501,25.40816,SellCategory.TAKE_PROFIT: Up 71.4% from entry ($12337 => $21148),53.2,2026-02-23T23:50:58.723068+00:00
BASE,ANIMALS,7iwb7DSjMzbEhamtghZ27tSU2EqrMpAp6F9DsT8jpump,13793.226768789586,15641.818595532886,6.796219214604099,0.03500052895521111,0.032010325637790035,32.794783,SellCategory.SHUTDOWN: None,50.0,2026-02-23T23:50:59.221011+00:00
BASE,DRINK,F1hwDNVAkaVTKLgs1vGs5MVQHXArQ7gXQZcQ5pbvpump,11417.376529259449,11615.605813297952,-4.190174043731272,-0.02157939632521605,0.030260431041488164,3.317214,SellCategory.SHUTDOWN: None,50.0,2026-02-23T23:50:59.221432+00:00
Bot_000,DRINK,F1hwDNVAkaVTKLgs1vGs5MVQHXArQ7gXQZcQ5pbvpump,11417.376529259449,11615.605813297952,-4.190174043731272,-0.0431587926504321,0.06052086208297633,3.317309,SellCategory.SHUTDOWN: None,90.2,2026-02-23T23:50:59.221580+00:00
Bot_001,DRINK,F1hwDNVAkaVTKLgs1vGs5MVQHXArQ7gXQZcQ5pbvpump,11417.376529259449,11615.605813297952,-4.190174043731272,-0.02157939632521605,0.030260431041488164,3.317406,SellCategory.SHUTDOWN: None,87.0,2026-02-23T23:50:59.221689+00:00
Bot_002,DRINK,F1hwDNVAkaVTKLgs1vGs5MVQHXArQ7gXQZcQ5pbvpump,11417.376529259449,11615.605813297952,-4.190174043731272,-0.0431587926504321,0.06052086208297633,3.317471,SellCategory.SHUTDOWN: None,89.60000000000001,2026-02-23T23:50:59.221766+00:00
Bot_003,ANIMALS,7iwb7DSjMzbEhamtghZ27tSU2EqrMpAp6F9DsT8jpump,11493.759638287562,15641.818595532886,28.162108486189602,0.14503485870387645,0.03541344923826422,27.802433,SellCategory.SHUTDOWN: None,68.4,2026-02-23T23:50:59.221809+00:00
Bot_003,DRINK,F1hwDNVAkaVTKLgs1vGs5MVQHXArQ7gXQZcQ5pbvpump,11417.376529259449,11615.605813297952,-4.190174043731272,-0.02157939632521605,0.030260431041488164,3.317559,SellCategory.SHUTDOWN: None,68.4,2026-02-23T23:50:59.221862+00:00
Bot_005,DRINK,F1hwDNVAkaVTKLgs1vGs5MVQHXArQ7gXQZcQ5pbvpump,11417.376529259449,11615.605813297952,-4.190174043731272,-0.0431587926504321,0.06052086208297633,3.317597,SellCategory.SHUTDOWN: None,74.8,2026-02-23T23:50:59.221916+00:00
Bot_008,DRINK,F1hwDNVAkaVTKLgs1vGs5MVQHXArQ7gXQZcQ5pbvpump,11417.376529259449,11615.605813297952,-4.190174043731272,-0.02157939632521605,0.030260431041488164,3.097344,SellCategory.SHUTDOWN: None,43.9,2026-02-23T23:50:59.221956+00:00
Bot_009,DRINK,F1hwDNVAkaVTKLgs1vGs5MVQHXArQ7gXQZcQ5pbvpump,11417.376529259449,11615.605813297952,-4.190174043731272,-0.02157939632521605,0.030260431041488164,3.317643,SellCategory.SHUTDOWN: None,68.6,2026-02-23T23:50:59.221986+00:00
Bot_010,DRINK,F1hwDNVAkaVTKLgs1vGs5MVQHXArQ7gXQZcQ5pbvpump,11417.376529259449,11615.605813297952,-4.190174043731272,-0.0431587926504321,0.06052086208297633,3.317665,SellCategory.SHUTDOWN: None,43.7,2026-02-23T23:50:59.222017+00:00
Bot_012,DRINK,F1hwDNVAkaVTKLgs1vGs5MVQHXArQ7gXQZcQ5pbvpump,11417.376529259449,11615.605813297952,-4.190174043731272,-0.02157939632521605,0.030260431041488164,3.317681,SellCategory.SHUTDOWN: None,40.4,2026-02-23T23:50:59.222046+00:00
Bot_021,ANIMALS,7iwb7DSjMzbEhamtghZ27tSU2EqrMpAp6F9DsT8jpump,13793.226768789586,15641.818595532886,6.796219214604099,0.03500052895521111,0.032010325637790035,30.063905,SellCategory.SHUTDOWN: None,57.4,2026-02-23T23:50:59.222080+00:00
Bot_021,john,38BWYnPbxVJFoPDscuR6kru1oa9Lgq7gmxEdNNUgpump,12336.980625818682,20644.730320534585,57.59224449219338,0.2966000591347959,0.040101032756746265,25.907732,SellCategory.SHUTDOWN: None,47.4,2026-02-23T23:50:59.222114+00:00
Bot_021,DRINK,F1hwDNVAkaVTKLgs1vGs5MVQHXArQ7gXQZcQ5pbvpump,11417.376529259449,11615.605813297952,-4.190174043731272,-0.02157939632521605,0.030260431041488164,3.317741,SellCategory.SHUTDOWN: None,57.4,2026-02-23T23:50:59.222153+00:00
Bot_023,ANIMALS,7iwb7DSjMzbEhamtghZ27tSU2EqrMpAp6F9DsT8jpump,11493.759638287562,15641.818595532886,28.162108486189602,0.2900697174077529,0.07082689847652844,27.80211,SellCategory.SHUTDOWN: None,71.3,2026-02-23T23:50:59.222188+00:00
Bot_023,DRINK,F1hwDNVAkaVTKLgs1vGs5MVQHXArQ7gXQZcQ5pbvpump,11417.376529259449,11615.605813297952,-4.190174043731272,-0.0431587926504321,0.06052086208297633,3.317799,SellCategory.SHUTDOWN: None,96.7,2026-02-23T23:50:59.222221+00:00
Bot_024,DRINK,F1hwDNVAkaVTKLgs1vGs5MVQHXArQ7gXQZcQ5pbvpump,11417.376529259449,11615.605813297952,-4.190174043731272,-0.0431587926504321,0.06052086208297633,3.097639,SellCategory.SHUTDOWN: None,93.4,2026-02-23T23:50:59.222334+00:00
Bot_025,DRINK,F1hwDNVAkaVTKLgs1vGs5MVQHXArQ7gXQZcQ5pbvpump,11417.376529259449,11615.605813297952,-4.190174043731272,-0.02157939632521605,0.030260431041488164,3.317977,SellCategory.SHUTDOWN: None,45.1,2026-02-23T23:50:59.222411+00:00
Bot_028,ANIMALS,7iwb7DSjMzbEhamtghZ27tSU2EqrMpAp6F9DsT8jpump,11493.759638287562,15641.818595532886,28.162108486189602,0.2900697174077529,0.07082689847652844,27.802307,SellCategory.SHUTDOWN: None,54.3,2026-02-23T23:50:59.222480+00:00
Bot_028,DRINK,F1hwDNVAkaVTKLgs1vGs5MVQHXArQ7gXQZcQ5pbvpump,11417.376529259449,11615.605813297952,-4.190174043731272,-0.0431587926504321,0.06052086208297633,3.31808,SellCategory.SHUTDOWN: None,54.3,2026-02-23T23:50:59.222530+00:00
Bot_029,ANIMALS,7iwb7DSjMzbEhamtghZ27tSU2EqrMpAp6F9DsT8jpump,13793.226768789586,15641.818595532886,6.796219214604099,0.03500052895521111,0.032010325637790035,30.064365,SellCategory.SHUTDOWN: None,54.2,2026-02-23T23:50:59.222585+00:00
Bot_029,DRINK,F1hwDNVAkaVTKLgs1vGs5MVQHXArQ7gXQZcQ5pbvpump,11417.376529259449,11615.605813297952,-4.190174043731272,-0.02157939632521605,0.030260431041488164,3.318171,SellCategory.SHUTDOWN: None,54.2,2026-02-23T23:50:59.222629+00:00
Bot_030,DRINK,F1hwDNVAkaVTKLgs1vGs5MVQHXArQ7gXQZcQ5pbvpump,11417.376529259449,11615.605813297952,-4.190174043731272,-0.0431587926504321,0.06052086208297633,3.318196,SellCategory.SHUTDOWN: None,93.8,2026-02-23T23:50:59.222662+00:00
Bot_031,ANIMALS,7iwb7DSjMzbEhamtghZ27tSU2EqrMpAp6F9DsT8jpump,11493.759638287562,15641.818595532886,28.162108486189602,0.2900697174077529,0.07082689847652844,27.802499,SellCategory.SHUTDOWN: None,63.0,2026-02-23T23:50:59.222690+00:00
Bot_031,DRINK,F1hwDNVAkaVTKLgs1vGs5MVQHXArQ7gXQZcQ5pbvpump,11417.376529259449,11615.605813297952,-4.190174043731272,-0.0431587926504321,0.06052086208297633,3.318242,SellCategory.SHUTDOWN: None,99.8,2026-02-23T23:50:59.222716+00:00
Bot_035,DRINK,F1hwDNVAkaVTKLgs1vGs5MVQHXArQ7gXQZcQ5pbvpump,11417.376529259449,11615.605813297952,-4.190174043731272,-0.02157939632521605,0.030260431041488164,3.31825,SellCategory.SHUTDOWN: None,47.099999999999994,2026-02-23T23:50:59.222747+00:00
Bot_038,DRINK,F1hwDNVAkaVTKLgs1vGs5MVQHXArQ7gXQZcQ5pbvpump,11417.376529259449,11615.605813297952,-4.190174043731272,-0.0431587926504321,0.06052086208297633,3.318268,SellCategory.SHUTDOWN: None,85.2,2026-02-23T23:50:59.222782+00:00
Bot_039,DRINK,F1hwDNVAkaVTKLgs1vGs5MVQHXArQ7gXQZcQ5pbvpump,11417.376529259449,11615.605813297952,-4.190174043731272,-0.02157939632521605,0.030260431041488164,3.318288,SellCategory.SHUTDOWN: None,66.19999999999999,2026-02-23T23:50:59.222809+00:00
Bot_040,ANIMALS,7iwb7DSjMzbEhamtghZ27tSU2EqrMpAp6F9DsT8jpump,11493.759638287562,15641.818595532886,28.162108486189602,0.14503485870387645,0.03541344923826422,27.802601,SellCategory.SHUTDOWN: None,48.9,2026-02-23T23:50:59.222837+00:00
Bot_040,DRINK,F1hwDNVAkaVTKLgs1vGs5MVQHXArQ7gXQZcQ5pbvpump,11417.376529259449,11615.605813297952,-4.190174043731272,-0.02157939632521605,0.030260431041488164,3.318333,SellCategory.SHUTDOWN: None,48.9,2026-02-23T23:50:59.222864+00:00
Bot_043,ANIMALS,7iwb7DSjMzbEhamtghZ27tSU2EqrMpAp6F9DsT8jpump,11493.759638287562,15641.818595532886,28.162108486189602,0.14503485870387645,0.03541344923826422,27.80264,SellCategory.SHUTDOWN: None,41.6,2026-02-23T23:50:59.222894+00:00
Bot_043,DRINK,F1hwDNVAkaVTKLgs1vGs5MVQHXArQ7gXQZcQ5pbvpump,8665.343907983743,11615.605813297952,26.238135469462726,0.13512639766773304,0.035107001989723705,26.88602,SellCategory.SHUTDOWN: None,41.6,2026-02-23T23:50:59.222922+00:00
Bot_047,DRINK,F1hwDNVAkaVTKLgs1vGs5MVQHXArQ7gXQZcQ5pbvpump,11417.376529259449,11615.605813297952,-4.190174043731272,-0.02157939632521605,0.030260431041488164,3.098173,SellCategory.SHUTDOWN: None,65.9,2026-02-23T23:50:59.222953+00:00
Bot_053,DRINK,F1hwDNVAkaVTKLgs1vGs5MVQHXArQ7gXQZcQ5pbvpump,11417.376529259449,11615.605813297952,-4.190174043731272,-0.02157939632521605,0.030260431041488164,3.318384,SellCategory.SHUTDOWN: None,50.0,2026-02-23T23:50:59.222984+00:00
Bot_057,ANIMALS,7iwb7DSjMzbEhamtghZ27tSU2EqrMpAp6F9DsT8jpump,11493.759638287562,15641.818595532886,28.162108486189602,0.14503485870387645,0.03541344923826422,27.802704,SellCategory.SHUTDOWN: None,71.8,2026-02-23T23:50:59.223014+00:00
Bot_057,DRINK,F1hwDNVAkaVTKLgs1vGs5MVQHXArQ7gXQZcQ5pbvpump,11417.376529259449,11615.605813297952,-4.190174043731272,-0.02157939632521605,0.030260431041488164,3.318416,SellCategory.SHUTDOWN: None,71.8,2026-02-23T23:50:59.223041+00:00
Bot_058,DRINK,F1hwDNVAkaVTKLgs1vGs5MVQHXArQ7gXQZcQ5pbvpump,11417.376529259449,11615.605813297952,-4.190174043731272,-0.02157939632521605,0.030260431041488164,3.318437,SellCategory.SHUTDOWN: None,62.5,2026-02-23T23:50:59.223069+00:00
Bot_060,DRINK,F1hwDNVAkaVTKLgs1vGs5MVQHXArQ7gXQZcQ5pbvpump,11417.376529259449,11615.605813297952,-4.190174043731272,-0.02157939632521605,0.030260431041488164,3.318452,SellCategory.SHUTDOWN: None,48.099999999999994,2026-02-23T23:50:59.223098+00:00
Bot_061,ANIMALS,7iwb7DSjMzbEhamtghZ27tSU2EqrMpAp6F9DsT8jpump,11493.759638287562,15641.818595532886,28.162108486189602,0.2900697174077529,0.07082689847652844,27.802835,SellCategory.SHUTDOWN: None,62.599999999999994,2026-02-23T23:50:59.223170+00:00
Bot_061,DRINK,F1hwDNVAkaVTKLgs1vGs5MVQHXArQ7gXQZcQ5pbvpump,11417.376529259449,11615.605813297952,-4.190174043731272,-0.0431587926504321,0.06052086208297633,3.318556,SellCategory.SHUTDOWN: None,62.599999999999994,2026-02-23T23:50:59.223210+00:00
Bot_064,ANIMALS,7iwb7DSjMzbEhamtghZ27tSU2EqrMpAp6F9DsT8jpump,13793.226768789586,15641.818595532886,6.796219214604099,0.07000105791042222,0.06402065127558007,30.064905,SellCategory.SHUTDOWN: None,68.5,2026-02-23T23:50:59.223262+00:00
Bot_064,DRINK,F1hwDNVAkaVTKLgs1vGs5MVQHXArQ7gXQZcQ5pbvpump,8396.995857473616,11615.605813297952,30.2724065502461,0.31180578746753485,0.07149914806600624,29.991932,SellCategory.SHUTDOWN: None,68.5,2026-02-23T23:50:59.223320+00:00
Bot_065,DRINK,F1hwDNVAkaVTKLgs1vGs5MVQHXArQ7gXQZcQ5pbvpump,11417.376529259449,11615.605813297952,-4.190174043731272,-0.02157939632521605,0.030260431041488164,3.318704,SellCategory.SHUTDOWN: None,72.9,2026-02-23T23:50:59.223384+00:00
Bot_066,DRINK,F1hwDNVAkaVTKLgs1vGs5MVQHXArQ7gXQZcQ5pbvpump,11417.376529259449,11615.605813297952,-4.190174043731272,-0.0431587926504321,0.06052086208297633,3.318749,SellCategory.SHUTDOWN: None,74.1,2026-02-23T23:50:59.223438+00:00
Bot_067,DRINK,F1hwDNVAkaVTKLgs1vGs5MVQHXArQ7gXQZcQ5pbvpump,11417.376529259449,11615.605813297952,-4.190174043731272,-0.0431587926504321,0.06052086208297633,3.318794,SellCategory.SHUTDOWN: None,97.19999999999999,2026-02-23T23:50:59.223494+00:00
Bot_072,ANIMALS,7iwb7DSjMzbEhamtghZ27tSU2EqrMpAp6F9DsT8jpump,11493.759638287562,15641.818595532886,28.162108486189602,0.14503485870387645,0.03541344923826422,27.803169,SellCategory.SHUTDOWN: None,47.2,2026-02-23T23:50:59.223551+00:00
Bot_072,DRINK,F1hwDNVAkaVTKLgs1vGs5MVQHXArQ7gXQZcQ5pbvpump,11417.376529259449,11615.605813297952,-4.190174043731272,-0.0431587926504321,0.06052086208297633,3.318876,SellCategory.SHUTDOWN: None,57.2,2026-02-23T23:50:59.223604+00:00
Bot_079,DRINK,F1hwDNVAkaVTKLgs1vGs5MVQHXArQ7gXQZcQ5pbvpump,11417.376529259449,11615.605813297952,-4.190174043731272,-0.02157939632521605,0.030260431041488164,3.318902,SellCategory.SHUTDOWN: None,59.5,2026-02-23T23:50:59.223659+00:00
Bot_080,DRINK,F1hwDNVAkaVTKLgs1vGs5MVQHXArQ7gXQZcQ5pbvpump,11417.376529259449,11615.605813297952,-4.190174043731272,-0.02157939632521605,0.030260431041488164,3.318944,SellCategory.SHUTDOWN: None,72.6,2026-02-23T23:50:59.223712+00:00
Bot_083,DRINK,F1hwDNVAkaVTKLgs1vGs5MVQHXArQ7gXQZcQ5pbvpump,11417.376529259449,11615.605813297952,-4.190174043731272,-0.02157939632521605,0.030260431041488164,3.318982,SellCategory.SHUTDOWN: None,67.2,2026-02-23T23:50:59.223767+00:00
Bot_085,DRINK,F1hwDNVAkaVTKLgs1vGs5MVQHXArQ7gXQZcQ5pbvpump,11417.376529259449,11615.605813297952,-4.190174043731272,-0.0431587926504321,0.06052086208297633,3.319051,SellCategory.SHUTDOWN: None,86.8,2026-02-23T23:50:59.223850+00:00
Bot_086,DRINK,F1hwDNVAkaVTKLgs1vGs5MVQHXArQ7gXQZcQ5pbvpump,11417.376529259449,11615.605813297952,-4.190174043731272,-0.0431587926504321,0.06052086208297633,3.319098,SellCategory.SHUTDOWN: None,76.5,2026-02-23T23:50:59.223905+00:00
Bot_088,ANIMALS,7iwb7DSjMzbEhamtghZ27tSU2EqrMpAp6F9DsT8jpump,11493.759638287562,15641.818595532886,28.162108486189602,0.14503485870387645,0.03541344923826422,27.803509,SellCategory.SHUTDOWN: None,60.9,2026-02-23T23:50:59.223958+00:00
Bot_088,DRINK,F1hwDNVAkaVTKLgs1vGs5MVQHXArQ7gXQZcQ5pbvpump,8665.343907983743,11615.605813297952,26.238135469462726,0.13512639766773304,0.035107001989723705,26.886879,SellCategory.SHUTDOWN: None,60.9,2026-02-23T23:50:59.224008+00:00
Bot_089,DRINK,F1hwDNVAkaVTKLgs1vGs5MVQHXArQ7gXQZcQ5pbvpump,11417.376529259449,11615.605813297952,-4.190174043731272,-0.02157939632521605,0.030260431041488164,3.319261,SellCategory.SHUTDOWN: None,55.400000000000006,2026-02-23T23:50:59.224090+00:00
Bot_092,DRINK,F1hwDNVAkaVTKLgs1vGs5MVQHXArQ7gXQZcQ5pbvpump,11417.376529259449,11615.605813297952,-4.190174043731272,-0.02157939632521605,0.030260431041488164,3.319306,SellCategory.SHUTDOWN: None,69.2,2026-02-23T23:50:59.224154+00:00
Bot_094,ANIMALS,7iwb7DSjMzbEhamtghZ27tSU2EqrMpAp6F9DsT8jpump,13793.226768789586,15641.818595532886,6.796219214604099,0.03500052895521111,0.032010325637790035,30.065693,SellCategory.SHUTDOWN: None,46.2,2026-02-23T23:50:59.224215+00:00
Bot_094,DRINK,F1hwDNVAkaVTKLgs1vGs5MVQHXArQ7gXQZcQ5pbvpump,11417.376529259449,11615.605813297952,-4.190174043731272,-0.02157939632521605,0.030260431041488164,3.31941,SellCategory.SHUTDOWN: None,46.2,2026-02-23T23:50:59.224270+00:00
Bot_098,DRINK,F1hwDNVAkaVTKLgs1vGs5MVQHXArQ7gXQZcQ5pbvpump,11417.376529259449,11615.605813297952,-4.190174043731272,-0.02157939632521605,0.030260431041488164,3.319442,SellCategory.SHUTDOWN: None,57.1,2026-02-23T23:50:59.224325+00:00
Bot_099,DRINK,F1hwDNVAkaVTKLgs1vGs5MVQHXArQ7gXQZcQ5pbvpump,8677.602547172975,11615.605813297952,26.059801909446676,0.1342079798336504,0.035078597314442794,29.079546,SellCategory.SHUTDOWN: None,61.9,2026-02-23T23:50:59.224376+00:00
Bot_100,DRINK,F1hwDNVAkaVTKLgs1vGs5MVQHXArQ7gXQZcQ5pbvpump,11417.376529259449,11615.605813297952,-4.190174043731272,-0.0431587926504321,0.06052086208297633,3.319535,SellCategory.SHUTDOWN: None,100.0,2026-02-23T23:50:59.224429+00:00
Bot_101,DRINK,F1hwDNVAkaVTKLgs1vGs5MVQHXArQ7gXQZcQ5pbvpump,11417.376529259449,11615.605813297952,-4.190174043731272,-0.02157939632521605,0.030260431041488164,3.319578,SellCategory.SHUTDOWN: None,89.80000000000001,2026-02-23T23:50:59.224482+00:00
Bot_102,ANIMALS,7iwb7DSjMzbEhamtghZ27tSU2EqrMpAp6F9DsT8jpump,11493.759638287562,15641.818595532886,28.162108486189602,0.14503485870387645,0.03541344923826422,27.80401,SellCategory.SHUTDOWN: None,42.8,2026-02-23T23:50:59.224534+00:00
Bot_102,DRINK,F1hwDNVAkaVTKLgs1vGs5MVQHXArQ7gXQZcQ5pbvpump,11417.376529259449,11615.605813297952,-4.190174043731272,-0.02157939632521605,0.030260431041488164,3.319673,SellCategory.SHUTDOWN: None,42.8,2026-02-23T23:50:59.224586+00:00
Bot_104,ANIMALS,7iwb7DSjMzbEhamtghZ27tSU2EqrMpAp6F9DsT8jpump,11493.759638287562,15641.818595532886,28.162108486189602,0.14503485870387645,0.03541344923826422,27.804105,SellCategory.SHUTDOWN: None,42.9,2026-02-23T23:50:59.224640+00:00
Bot_104,DRINK,F1hwDNVAkaVTKLgs1vGs5MVQHXArQ7gXQZcQ5pbvpump,11417.376529259449,11615.605813297952,-4.190174043731272,-0.02157939632521605,0.030260431041488164,3.319764,SellCategory.SHUTDOWN: None,42.9,2026-02-23T23:50:59.224690+00:00
Bot_105,DRINK,F1hwDNVAkaVTKLgs1vGs5MVQHXArQ7gXQZcQ5pbvpump,11417.376529259449,11615.605813297952,-4.190174043731272,-0.0431587926504321,0.06052086208297633,3.319794,SellCategory.SHUTDOWN: None,100.0,2026-02-23T23:50:59.224742+00:00
Bot_108,ANIMALS,7iwb7DSjMzbEhamtghZ27tSU2EqrMpAp6F9DsT8jpump,11493.759638287562,15641.818595532886,28.162108486189602,0.14503485870387645,0.03541344923826422,27.804242,SellCategory.SHUTDOWN: None,57.8,2026-02-23T23:50:59.224796+00:00
Bot_108,DRINK,F1hwDNVAkaVTKLgs1vGs5MVQHXArQ7gXQZcQ5pbvpump,11417.376529259449,11615.605813297952,-4.190174043731272,-0.02157939632521605,0.030260431041488164,3.319877,SellCategory.SHUTDOWN: None,57.8,2026-02-23T23:50:59.224847+00:00
Bot_110,DRINK,F1hwDNVAkaVTKLgs1vGs5MVQHXArQ7gXQZcQ5pbvpump,11417.376529259449,11615.605813297952,-4.190174043731272,-0.02157939632521605,0.030260431041488164,3.319916,SellCategory.SHUTDOWN: None,45.7,2026-02-23T23:50:59.224901+00:00
Bot_111,ANIMALS,7iwb7DSjMzbEhamtghZ27tSU2EqrMpAp6F9DsT8jpump,11493.759638287562,15641.818595532886,28.162108486189602,0.14503485870387645,0.03541344923826422,27.804381,SellCategory.SHUTDOWN: None,67.9,2026-02-23T23:50:59.224952+00:00
Bot_111,DRINK,F1hwDNVAkaVTKLgs1vGs5MVQHXArQ7gXQZcQ5pbvpump,11417.376529259449,11615.605813297952,-4.190174043731272,-0.02157939632521605,0.030260431041488164,3.32001,SellCategory.SHUTDOWN: None,67.9,2026-02-23T23:50:59.225004+00:00
Bot_112,ANIMALS,7iwb7DSjMzbEhamtghZ27tSU2EqrMpAp6F9DsT8jpump,11493.759638287562,15641.818595532886,28.162108486189602,0.14503485870387645,0.03541344923826422,27.80448,SellCategory.SHUTDOWN: None,59.4,2026-02-23T23:50:59.225058+00:00
Bot_112,john,38BWYnPbxVJFoPDscuR6kru1oa9Lgq7gmxEdNNUgpump,12336.980625818682,20644.730320534585,57.59224449219338,0.2966000591347959,0.040101032756746265,25.910422,SellCategory.SHUTDOWN: None,49.4,2026-02-23T23:50:59.225116+00:00
Bot_112,DRINK,F1hwDNVAkaVTKLgs1vGs5MVQHXArQ7gXQZcQ5pbvpump,11417.376529259449,11615.605813297952,-4.190174043731272,-0.02157939632521605,0.030260431041488164,3.32018,SellCategory.SHUTDOWN: None,59.4,2026-02-23T23:50:59.225180+00:00
Bot_114,DRINK,F1hwDNVAkaVTKLgs1vGs5MVQHXArQ7gXQZcQ5pbvpump,11417.376529259449,11615.605813297952,-4.190174043731272,-0.0431587926504321,0.06052086208297633,3.320221,SellCategory.SHUTDOWN: None,84.10000000000001,2026-02-23T23:50:59.225236+00:00
Bot_116,DRINK,F1hwDNVAkaVTKLgs1vGs5MVQHXArQ7gXQZcQ5pbvpump,11417.376529259449,11615.605813297952,-4.190174043731272,-0.02157939632521605,0.030260431041488164,3.320264,SellCategory.SHUTDOWN: None,44.7,2026-02-23T23:50:59.225291+00:00
Bot_118,DRINK,F1hwDNVAkaVTKLgs1vGs5MVQHXArQ7gXQZcQ5pbvpump,11417.376529259449,11615.605813297952,-4.190174043731272,-0.02157939632521605,0.030260431041488164,3.32031,SellCategory.SHUTDOWN: None,67.9,2026-02-23T23:50:59.225351+00:00
Bot_123,ANIMALS,7iwb7DSjMzbEhamtghZ27tSU2EqrMpAp6F9DsT8jpump,11493.759638287562,15641.818595532886,28.162108486189602,0.2900697174077529,0.07082689847652844,27.804783,SellCategory.SHUTDOWN: None,47.599999999999994,2026-02-23T23:50:59.225412+00:00
Bot_123,john,38BWYnPbxVJFoPDscuR6kru1oa9Lgq7gmxEdNNUgpump,12336.980625818682,20644.730320534585,57.59224449219338,0.2966000591347959,0.040101032756746265,25.910728,SellCategory.SHUTDOWN: None,37.6,2026-02-23T23:50:59.225468+00:00
Bot_123,DRINK,F1hwDNVAkaVTKLgs1vGs5MVQHXArQ7gXQZcQ5pbvpump,11417.376529259449,11615.605813297952,-4.190174043731272,-0.0431587926504321,0.06052086208297633,3.320471,SellCategory.SHUTDOWN: None,47.599999999999994,2026-02-23T23:50:59.225539+00:00
Bot_125,ANIMALS,7iwb7DSjMzbEhamtghZ27tSU2EqrMpAp6F9DsT8jpump,11493.759638287562,15641.818595532886,28.162108486189602,0.14503485870387645,0.03541344923826422,27.804968,SellCategory.SHUTDOWN: None,68.1,2026-02-23T23:50:59.225607+00:00
Bot_125,DRINK,F1hwDNVAkaVTKLgs1vGs5MVQHXArQ7gXQZcQ5pbvpump,11417.376529259449,11615.605813297952,-4.190174043731272,-0.0431587926504321,0.06052086208297633,3.320585,SellCategory.SHUTDOWN: None,93.49999999999999,2026-02-23T23:50:59.225664+00:00
Bot_126,ANIMALS,7iwb7DSjMzbEhamtghZ27tSU2EqrMpAp6F9DsT8jpump,11493.759638287562,15641.818595532886,28.162108486189602,0.14503485870387645,0.03541344923826422,27.805077,SellCategory.SHUTDOWN: None,42.0,2026-02-23T23:50:59.225724+00:00
Bot_126,john,38BWYnPbxVJFoPDscuR6kru1oa9Lgq7gmxEdNNUgpump,12336.980625818682,20644.730320534585,57.59224449219338,0.2966000591347959,0.040101032756746265,25.911025,SellCategory.SHUTDOWN: None,42.0,2026-02-23T23:50:59.225780+00:00
Bot_126,DRINK,F1hwDNVAkaVTKLgs1vGs5MVQHXArQ7gXQZcQ5pbvpump,11417.376529259449,11615.605813297952,-4.190174043731272,-0.02157939632521605,0.030260431041488164,3.320748,SellCategory.SHUTDOWN: None,42.0,2026-02-23T23:50:59.225834+00:00
Bot_127,ANIMALS,7iwb7DSjMzbEhamtghZ27tSU2EqrMpAp6F9DsT8jpump,11493.759638287562,15641.818595532886,28.162108486189602,0.14503485870387645,0.03541344923826422,27.805239,SellCategory.SHUTDOWN: None,68.0,2026-02-23T23:50:59.225893+00:00
Bot_127,DRINK,F1hwDNVAkaVTKLgs1vGs5MVQHXArQ7gXQZcQ5pbvpump,11417.376529259449,11615.605813297952,-4.190174043731272,-0.02157939632521605,0.030260431041488164,3.32084,SellCategory.SHUTDOWN: None,68.0,2026-02-23T23:50:59.225933+00:00
Bot_128,ANIMALS,7iwb7DSjMzbEhamtghZ27tSU2EqrMpAp6F9DsT8jpump,11493.759638287562,15641.818595532886,28.162108486189602,0.14503485870387645,0.03541344923826422,27.805304,SellCategory.SHUTDOWN: None,59.1,2026-02-23T23:50:59.225965+00:00
Bot_128,DRINK,F1hwDNVAkaVTKLgs1vGs5MVQHXArQ7gXQZcQ5pbvpump,11417.376529259449,11615.605813297952,-4.190174043731272,-0.02157939632521605,0.030260431041488164,3.320893,SellCategory.SHUTDOWN: None,59.1,2026-02-23T23:50:59.225994+00:00
Bot_131,DRINK,F1hwDNVAkaVTKLgs1vGs5MVQHXArQ7gXQZcQ5pbvpump,11417.376529259449,11615.605813297952,-4.190174043731272,-0.02157939632521605,0.030260431041488164,3.32091,SellCategory.SHUTDOWN: None,70.0,2026-02-23T23:50:59.226030+00:00
Bot_134,DRINK,F1hwDNVAkaVTKLgs1vGs5MVQHXArQ7gXQZcQ5pbvpump,11417.376529259449,11615.605813297952,-4.190174043731272,-0.02157939632521605,0.030260431041488164,3.320946,SellCategory.SHUTDOWN: None,60.4,2026-02-23T23:50:59.226083+00:00
Bot_136,DRINK,F1hwDNVAkaVTKLgs1vGs5MVQHXArQ7gXQZcQ5pbvpump,11417.376529259449,11615.605813297952,-4.190174043731272,-0.02157939632521605,0.030260431041488164,3.320988,SellCategory.SHUTDOWN: None,56.1,2026-02-23T23:50:59.226139+00:00
Bot_137,ANIMALS,7iwb7DSjMzbEhamtghZ27tSU2EqrMpAp6F9DsT8jpump,11493.759638287562,15641.818595532886,28.162108486189602,0.14503485870387645,0.03541344923826422,27.805488,SellCategory.SHUTDOWN: None,66.8,2026-02-23T23:50:59.226200+00:00
Bot_137,DRINK,F1hwDNVAkaVTKLgs1vGs5MVQHXArQ7gXQZcQ5pbvpump,11417.376529259449,11615.605813297952,-4.190174043731272,-0.02157939632521605,0.030260431041488164,3.321084,SellCategory.SHUTDOWN: None,66.8,2026-02-23T23:50:59.226242+00:00
Bot_140,ANIMALS,7iwb7DSjMzbEhamtghZ27tSU2EqrMpAp6F9DsT8jpump,11493.759638287562,15641.818595532886,28.162108486189602,0.14503485870387645,0.03541344923826422,27.805543,SellCategory.SHUTDOWN: None,70.9,2026-02-23T23:50:59.226275+00:00
Bot_140,john,38BWYnPbxVJFoPDscuR6kru1oa9Lgq7gmxEdNNUgpump,12336.980625818682,20644.730320534585,57.59224449219338,0.2966000591347959,0.040101032756746265,25.911489,SellCategory.SHUTDOWN: None,60.9,2026-02-23T23:50:59.226302+00:00
Bot_140,DRINK,F1hwDNVAkaVTKLgs1vGs5MVQHXArQ7gXQZcQ5pbvpump,11417.376529259449,11615.605813297952,-4.190174043731272,-0.02157939632521605,0.030260431041488164,3.321157,SellCategory.SHUTDOWN: None,70.9,2026-02-23T23:50:59.226329+00:00
Bot_141,DRINK,F1hwDNVAkaVTKLgs1vGs5MVQHXArQ7gXQZcQ5pbvpump,11417.376529259449,11615.605813297952,-4.190174043731272,-0.02157939632521605,0.030260431041488164,3.101213,SellCategory.SHUTDOWN: None,45.1,2026-02-23T23:50:59.226358+00:00
Bot_142,ANIMALS,7iwb7DSjMzbEhamtghZ27tSU2EqrMpAp6F9DsT8jpump,11493.759638287562,15641.818595532886,28.162108486189602,0.14503485870387645,0.03541344923826422,27.805646,SellCategory.SHUTDOWN: None,45.8,2026-02-23T23:50:59.226386+00:00
Bot_142,DRINK,F1hwDNVAkaVTKLgs1vGs5MVQHXArQ7gXQZcQ5pbvpump,11417.376529259449,11615.605813297952,-4.190174043731272,-0.02157939632521605,0.030260431041488164,3.321232,SellCategory.SHUTDOWN: None,45.8,2026-02-23T23:50:59.226416+00:00
Bot_143,DRINK,F1hwDNVAkaVTKLgs1vGs5MVQHXArQ7gXQZcQ5pbvpump,11417.376529259449,11615.605813297952,-4.190174043731272,-0.0431587926504321,0.06052086208297633,3.321256,SellCategory.SHUTDOWN: None,76.1,2026-02-23T23:50:59.226446+00:00
Bot_143,ANIMALS,7iwb7DSjMzbEhamtghZ27tSU2EqrMpAp6F9DsT8jpump,15596.901532138758,15641.818595532886,-5.554031572166961,-0.0572065251933197,0.06008639612804166,0.904493,SellCategory.SHUTDOWN: None,66.1,2026-02-23T23:50:59.226473+00:00
Bot_144,DRINK,F1hwDNVAkaVTKLgs1vGs5MVQHXArQ7gXQZcQ5pbvpump,11417.376529259449,11615.605813297952,-4.190174043731272,-0.02157939632521605,0.030260431041488164,3.321301,SellCategory.SHUTDOWN: None,47.699999999999996,2026-02-23T23:50:59.226500+00:00
Bot_145,ANIMALS,7iwb7DSjMzbEhamtghZ27tSU2EqrMpAp6F9DsT8jpump,11493.759638287562,15641.818595532886,28.162108486189602,0.14503485870387645,0.03541344923826422,27.80577,SellCategory.SHUTDOWN: None,35.0,2026-02-23T23:50:59.226530+00:00
Bot_145,john,38BWYnPbxVJFoPDscuR6kru1oa9Lgq7gmxEdNNUgpump,12336.980625818682,20644.730320534585,57.59224449219338,0.2966000591347959,0.040101032756746265,25.911726,SellCategory.SHUTDOWN: None,35.0,2026-02-23T23:50:59.226559+00:00
Bot_145,DRINK,F1hwDNVAkaVTKLgs1vGs5MVQHXArQ7gXQZcQ5pbvpump,11417.376529259449,11615.605813297952,-4.190174043731272,-0.02157939632521605,0.030260431041488164,3.321379,SellCategory.SHUTDOWN: None,45.0,2026-02-23T23:50:59.226586+00:00
Bot_147,DRINK,F1hwDNVAkaVTKLgs1vGs5MVQHXArQ7gXQZcQ5pbvpump,11417.376529259449,11615.605813297952,-4.190174043731272,-0.0431587926504321,0.06052086208297633,3.321395,SellCategory.SHUTDOWN: None,70.3,2026-02-23T23:50:59.226615+00:00
Bot_148,ANIMALS,7iwb7DSjMzbEhamtghZ27tSU2EqrMpAp6F9DsT8jpump,14254.258685912404,15641.818595532886,3.3420609331469073,0.01721161380570657,0.031460153004300204,43.485351,SellCategory.SHUTDOWN: None,52.400000000000006,2026-02-23T23:50:59.226646+00:00
Bot_148,john,38BWYnPbxVJFoPDscuR6kru1oa9Lgq7gmxEdNNUgpump,12336.980625818682,20644.730320534585,57.59224449219338,0.2966000591347959,0.040101032756746265,25.911826,SellCategory.SHUTDOWN: None,60.300000000000004,2026-02-23T23:50:59.226674+00:00
Bot_148,DRINK,F1hwDNVAkaVTKLgs1vGs5MVQHXArQ7gXQZcQ5pbvpump,11417.376529259449,11615.605813297952,-4.190174043731272,-0.0431587926504321,0.06052086208297633,3.321471,SellCategory.SHUTDOWN: None,96.3,2026-02-23T23:50:59.226700+00:00
Bot_149,DRINK,F1hwDNVAkaVTKLgs1vGs5MVQHXArQ7gXQZcQ5pbvpump,11417.376529259449,11615.605813297952,-4.190174043731272,-0.0431587926504321,0.06052086208297633,3.321495,SellCategory.SHUTDOWN: None,51.5,2026-02-23T23:50:59.226733+00:00
Bot_151,ANIMALS,7iwb7DSjMzbEhamtghZ27tSU2EqrMpAp6F9DsT8jpump,11493.759638287562,15641.818595532886,28.162108486189602,0.14503485870387645,0.03541344923826422,27.805968,SellCategory.SHUTDOWN: None,61.0,2026-02-23T23:50:59.226760+00:00
Bot_151,DRINK,F1hwDNVAkaVTKLgs1vGs5MVQHXArQ7gXQZcQ5pbvpump,11417.376529259449,11615.605813297952,-4.190174043731272,-0.02157939632521605,0.030260431041488164,3.321535,SellCategory.SHUTDOWN: None,61.0,2026-02-23T23:50:59.226786+00:00
Bot_153,ANIMALS,7iwb7DSjMzbEhamtghZ27tSU2EqrMpAp6F9DsT8jpump,11493.759638287562,15641.818595532886,28.162108486189602,0.14503485870387645,0.03541344923826422,27.806011,SellCategory.SHUTDOWN: None,52.9,2026-02-23T23:50:59.226815+00:00
Bot_154,DRINK,F1hwDNVAkaVTKLgs1vGs5MVQHXArQ7gXQZcQ5pbvpump,11417.376529259449,11615.605813297952,-4.190174043731272,-0.02157939632521605,0.030260431041488164,3.101648,SellCategory.SHUTDOWN: None,40.4,2026-02-23T23:50:59.226844+00:00
Bot_159,DRINK,F1hwDNVAkaVTKLgs1vGs5MVQHXArQ7gXQZcQ5pbvpump,11417.376529259449,11615.605813297952,-4.190174043731272,-0.02157939632521605,0.030260431041488164,3.321589,SellCategory.SHUTDOWN: None,54.0,2026-02-23T23:50:59.226874+00:00
Bot_160,DRINK,F1hwDNVAkaVTKLgs1vGs5MVQHXArQ7gXQZcQ5pbvpump,11417.376529259449,11615.605813297952,-4.190174043731272,-0.02157939632521605,0.030260431041488164,3.321647,SellCategory.SHUTDOWN: None,69.5,2026-02-23T23:50:59.226944+00:00
Bot_161,DRINK,F1hwDNVAkaVTKLgs1vGs5MVQHXArQ7gXQZcQ5pbvpump,11417.376529259449,11615.605813297952,-4.190174043731272,-0.0431587926504321,0.06052086208297633,3.321681,SellCategory.SHUTDOWN: None,84.5,2026-02-23T23:50:59.226985+00:00
Bot_161,ANIMALS,7iwb7DSjMzbEhamtghZ27tSU2EqrMpAp6F9DsT8jpump,15596.901532138758,15641.818595532886,-5.554031572166961,-0.0572065251933197,0.06008639612804166,0.904934,SellCategory.SHUTDOWN: None,76.5,2026-02-23T23:50:59.227015+00:00
Bot_163,DRINK,F1hwDNVAkaVTKLgs1vGs5MVQHXArQ7gXQZcQ5pbvpump,11417.376529259449,11615.605813297952,-4.190174043731272,-0.02157939632521605,0.030260431041488164,3.321732,SellCategory.SHUTDOWN: None,64.8,2026-02-23T23:50:59.227044+00:00
Bot_164,ANIMALS,7iwb7DSjMzbEhamtghZ27tSU2EqrMpAp6F9DsT8jpump,11493.759638287562,15641.818595532886,28.162108486189602,0.14503485870387645,0.03541344923826422,27.806243,SellCategory.SHUTDOWN: None,63.2,2026-02-23T23:50:59.227094+00:00
Bot_164,DRINK,F1hwDNVAkaVTKLgs1vGs5MVQHXArQ7gXQZcQ5pbvpump,11417.376529259449,11615.605813297952,-4.190174043731272,-0.0431587926504321,0.06052086208297633,3.321891,SellCategory.SHUTDOWN: None,91.39999999999999,2026-02-23T23:50:59.227215+00:00
Bot_166,DRINK,F1hwDNVAkaVTKLgs1vGs5MVQHXArQ7gXQZcQ5pbvpump,11417.376529259449,11615.605813297952,-4.190174043731272,-0.0431587926504321,0.06052086208297633,3.321932,SellCategory.SHUTDOWN: None,64.80000000000001,2026-02-23T23:50:59.227270+00:00
Bot_168,DRINK,F1hwDNVAkaVTKLgs1vGs5MVQHXArQ7gXQZcQ5pbvpump,11417.376529259449,11615.605813297952,-4.190174043731272,-0.02157939632521605,0.030260431041488164,3.321985,SellCategory.SHUTDOWN: None,78.60000000000001,2026-02-23T23:50:59.227338+00:00
Bot_171,DRINK,F1hwDNVAkaVTKLgs1vGs5MVQHXArQ7gXQZcQ5pbvpump,11417.376529259449,11615.605813297952,-4.190174043731272,-0.02157939632521605,0.030260431041488164,3.322031,SellCategory.SHUTDOWN: None,45.1,2026-02-23T23:50:59.227400+00:00
Bot_172,DRINK,F1hwDNVAkaVTKLgs1vGs5MVQHXArQ7gXQZcQ5pbvpump,11417.376529259449,11615.605813297952,-4.190174043731272,-0.02157939632521605,0.030260431041488164,3.322075,SellCategory.SHUTDOWN: None,62.8,2026-02-23T23:50:59.227453+00:00
Bot_173,DRINK,F1hwDNVAkaVTKLgs1vGs5MVQHXArQ7gXQZcQ5pbvpump,11417.376529259449,11615.605813297952,-4.190174043731272,-0.02157939632521605,0.030260431041488164,3.322122,SellCategory.SHUTDOWN: None,38.4,2026-02-23T23:50:59.227509+00:00
Bot_174,ANIMALS,7iwb7DSjMzbEhamtghZ27tSU2EqrMpAp6F9DsT8jpump,13138.771557731783,15641.818595532886,12.115844560029858,0.06239659948415377,0.032857626788169704,26.001477,SellCategory.SHUTDOWN: None,55.2,2026-02-23T23:50:59.227567+00:00
Bot_174,john,38BWYnPbxVJFoPDscuR6kru1oa9Lgq7gmxEdNNUgpump,12336.980625818682,20644.730320534585,57.59224449219338,0.2966000591347959,0.040101032756746265,25.912647,SellCategory.SHUTDOWN: None,45.2,2026-02-23T23:50:59.227622+00:00
Bot_174,DRINK,F1hwDNVAkaVTKLgs1vGs5MVQHXArQ7gXQZcQ5pbvpump,11417.376529259449,11615.605813297952,-4.190174043731272,-0.02157939632521605,0.030260431041488164,3.322267,SellCategory.SHUTDOWN: None,55.2,2026-02-23T23:50:59.227665+00:00
Bot_175,ANIMALS,7iwb7DSjMzbEhamtghZ27tSU2EqrMpAp6F9DsT8jpump,11493.759638287562,15641.818595532886,28.162108486189602,0.14503485870387645,0.03541344923826422,27.806805,SellCategory.SHUTDOWN: None,64.60000000000001,2026-02-23T23:50:59.227718+00:00
Bot_175,john,38BWYnPbxVJFoPDscuR6kru1oa9Lgq7gmxEdNNUgpump,12336.980625818682,20644.730320534585,57.59224449219338,0.2966000591347959,0.040101032756746265,25.912772,SellCategory.SHUTDOWN: None,64.60000000000001,2026-02-23T23:50:59.227756+00:00
Bot_175,DRINK,F1hwDNVAkaVTKLgs1vGs5MVQHXArQ7gXQZcQ5pbvpump,11417.376529259449,11615.605813297952,-4.190174043731272,-0.02157939632521605,0.030260431041488164,3.322381,SellCategory.SHUTDOWN: None,64.60000000000001,2026-02-23T23:50:59.227782+00:00
Bot_179,DRINK,F1hwDNVAkaVTKLgs1vGs5MVQHXArQ7gXQZcQ5pbvpump,11417.376529259449,11615.605813297952,-4.190174043731272,-0.02157939632521605,0.030260431041488164,3.322395,SellCategory.SHUTDOWN: None,45.5,2026-02-23T23:50:59.227812+00:00
Bot_181,ANIMALS,7iwb7DSjMzbEhamtghZ27tSU2EqrMpAp6F9DsT8jpump,11493.759638287562,15641.818595532886,28.162108486189602,0.14503485870387645,0.03541344923826422,27.806905,SellCategory.SHUTDOWN: None,62.8,2026-02-23T23:50:59.227839+00:00
Bot_181,DRINK,F1hwDNVAkaVTKLgs1vGs5MVQHXArQ7gXQZcQ5pbvpump,11417.376529259449,11615.605813297952,-4.190174043731272,-0.02157939632521605,0.030260431041488164,3.322434,SellCategory.SHUTDOWN: None,62.8,2026-02-23T23:50:59.227864+00:00
Bot_183,DRINK,F1hwDNVAkaVTKLgs1vGs5MVQHXArQ7gXQZcQ5pbvpump,8677.602547172975,11615.605813297952,26.059801909446676,0.2684159596673008,0.07015719462888559,29.082703,SellCategory.SHUTDOWN: None,39.1,2026-02-23T23:50:59.227891+00:00
Bot_183,ANIMALS,7iwb7DSjMzbEhamtghZ27tSU2EqrMpAp6F9DsT8jpump,11493.759638287562,15641.818595532886,28.162108486189602,0.2900697174077529,0.07082689847652844,27.806978,SellCategory.SHUTDOWN: None,39.1,2026-02-23T23:50:59.227928+00:00
Bot_191,DRINK,F1hwDNVAkaVTKLgs1vGs5MVQHXArQ7gXQZcQ5pbvpump,11417.376529259449,11615.605813297952,-4.190174043731272,-0.02157939632521605,0.030260431041488164,3.3225,SellCategory.SHUTDOWN: None,58.199999999999996,2026-02-23T23:50:59.227989+00:00
Bot_192,DRINK,F1hwDNVAkaVTKLgs1vGs5MVQHXArQ7gXQZcQ5pbvpump,11417.376529259449,11615.605813297952,-4.190174043731272,-0.02157939632521605,0.030260431041488164,3.322513,SellCategory.SHUTDOWN: None,57.1,2026-02-23T23:50:59.228040+00:00
Bot_193,ANIMALS,7iwb7DSjMzbEhamtghZ27tSU2EqrMpAp6F9DsT8jpump,11493.759638287562,15641.818595532886,28.162108486189602,0.14503485870387645,0.03541344923826422,27.807095,SellCategory.SHUTDOWN: None,44.0,2026-02-23T23:50:59.228097+00:00
Bot_193,DRINK,F1hwDNVAkaVTKLgs1vGs5MVQHXArQ7gXQZcQ5pbvpump,11417.376529259449,11615.605813297952,-4.190174043731272,-0.02157939632521605,0.030260431041488164,3.322617,SellCategory.SHUTDOWN: None,54.0,2026-02-23T23:50:59.228155+00:00
Bot_194,DRINK,F1hwDNVAkaVTKLgs1vGs5MVQHXArQ7gXQZcQ5pbvpump,11417.376529259449,11615.605813297952,-4.190174043731272,-0.02157939632521605,0.030260431041488164,3.322662,SellCategory.SHUTDOWN: None,65.6,2026-02-23T23:50:59.228208+00:00
Bot_195,ANIMALS,7iwb7DSjMzbEhamtghZ27tSU2EqrMpAp6F9DsT8jpump,11493.759638287562,15641.818595532886,28.162108486189602,0.2900697174077529,0.07082689847652844,27.807245,SellCategory.SHUTDOWN: None,62.9,2026-02-23T23:50:59.228260+00:00
Bot_195,john,38BWYnPbxVJFoPDscuR6kru1oa9Lgq7gmxEdNNUgpump,12336.980625818682,20644.730320534585,57.59224449219338,0.2966000591347959,0.040101032756746265,25.913243,SellCategory.SHUTDOWN: None,52.9,2026-02-23T23:50:59.228311+00:00
Bot_195,DRINK,F1hwDNVAkaVTKLgs1vGs5MVQHXArQ7gXQZcQ5pbvpump,11417.376529259449,11615.605813297952,-4.190174043731272,-0.0431587926504321,0.06052086208297633,3.322808,SellCategory.SHUTDOWN: None,62.9,2026-02-23T23:50:59.228363+00:00
